City,month_period,PM2_5_ugm3
Agartala,2022-08,16.39861111111111
Agartala,2022-09,22.56361111111111
Agartala,2022-10,37.30147849462365
Agartala,2022-11,52.94222222222223
Agartala,2022-12,69.16465053763442
Agartala,2023-01,91.31653225806451
Agartala,2023-02,70.20342261904761
Agartala,2023-03,59.12284946236559
Agartala,2023-04,55.55763888888889
Agartala,2023-05,40.792069892473116
Agartala,2023-06,27.1625
Agartala,2023-07,10.851747311827957
Agartala,2023-08,22.207123655913975
Agartala,2023-09,19.062083333333334
Agartala,2023-10,38.19206989247312
Agartala,2023-11,35.33555555555555
Agartala,2023-12,41.949999999999996
Agartala,2024-01,68.10053763440861
Agartala,2024-02,63.083333333333336
Agartala,2024-03,49.21599462365591
Agartala,2024-04,42.41111111111111
Agartala,2024-05,34.405913978494624
Agartala,2024-06,20.891666666666666
Agartala,2024-07,10.363575268817204
Agartala,2024-08,10.20497311827957
Agartala,2024-09,21.28625
Agartala,2024-10,42.623790322580646
Agartala,2024-11,52.16722222222222
Agartala,2024-12,74.55846774193549
Agartala,2025-01,92.63602150537633
Agartala,2025-02,84.61979166666667
Agartala,2025-03,56.751612903225805
Agartala,2025-04,37.62111111111111
Agartala,2025-05,31.97043010752688
Agartala,2025-06,18.414583333333333
Agartala,2025-07,14.096908602150538
Agartala,2025-08,14.04005376344086
Agartala,2025-09,20.202222222222222
Agartala,2025-10,34.90483870967742
Agartala,2025-11,49.090384615384615
Ahmedabad,2022-08,21.121913580246915
Ahmedabad,2022-09,30.445416666666667
Ahmedabad,2022-10,43.84650537634408
Ahmedabad,2022-11,54.29986111111111
Ahmedabad,2022-12,45.4494623655914
Ahmedabad,2023-01,52.27029569892473
Ahmedabad,2023-02,35.78139880952381
Ahmedabad,2023-03,34.91572580645161
Ahmedabad,2023-04,23.13347222222222
Ahmedabad,2023-05,18.5005376344086
Ahmedabad,2023-06,14.639444444444443
Ahmedabad,2023-07,17.02983870967742
Ahmedabad,2023-08,16.879973118279572
Ahmedabad,2023-09,20.026944444444442
Ahmedabad,2023-10,39.203629032258064
Ahmedabad,2023-11,49.92458333333333
Ahmedabad,2023-12,40.76505376344086
Ahmedabad,2024-01,39.207661290322584
Ahmedabad,2024-02,30.42887931034483
Ahmedabad,2024-03,21.050806451612903
Ahmedabad,2024-04,21.8475
Ahmedabad,2024-05,18.77056451612903
Ahmedabad,2024-06,19.671666666666667
Ahmedabad,2024-07,18.724193548387095
Ahmedabad,2024-08,15.249462365591398
Ahmedabad,2024-09,21.05638888888889
Ahmedabad,2024-10,40.288440860215054
Ahmedabad,2024-11,48.776944444444446
Ahmedabad,2024-12,47.93024193548387
Ahmedabad,2025-01,40.7747311827957
Ahmedabad,2025-02,27.389285714285712
Ahmedabad,2025-03,19.768682795698926
Ahmedabad,2025-04,16.75513888888889
Ahmedabad,2025-05,23.954435483870967
Ahmedabad,2025-06,20.920833333333334
Ahmedabad,2025-07,21.67043010752688
Ahmedabad,2025-08,20.231182795698924
Ahmedabad,2025-09,20.752777777777776
Ahmedabad,2025-10,36.11545698924731
Ahmedabad,2025-11,49.75625
Aizawl,2022-08,7.79537037037037
Aizawl,2022-09,8.486527777777779
Aizawl,2022-10,11.518010752688172
Aizawl,2022-11,11.229305555555555
Aizawl,2022-12,16.676612903225806
Aizawl,2023-01,23.316801075268817
Aizawl,2023-02,28.740476190476187
Aizawl,2023-03,38.48991935483871
Aizawl,2023-04,26.28666666666667
Aizawl,2023-05,18.412634408602152
Aizawl,2023-06,13.771527777777777
Aizawl,2023-07,7.143145161290323
Aizawl,2023-08,10.22002688172043
Aizawl,2023-09,9.445277777777779
Aizawl,2023-10,13.856048387096774
Aizawl,2023-11,8.917638888888888
Aizawl,2023-12,9.424596774193548
Aizawl,2024-01,15.283198924731185
Aizawl,2024-02,26.695402298850574
Aizawl,2024-03,34.961021505376344
Aizawl,2024-04,31.085555555555555
Aizawl,2024-05,20.031586021505376
Aizawl,2024-06,13.280277777777776
Aizawl,2024-07,5.14489247311828
Aizawl,2024-08,5.728091397849462
Aizawl,2024-09,8.403194444444445
Aizawl,2024-10,15.624731182795697
Aizawl,2024-11,11.818055555555556
Aizawl,2024-12,18.84260752688172
Aizawl,2025-01,29.236021505376343
Aizawl,2025-02,40.92366071428572
Aizawl,2025-03,63.418010752688176
Aizawl,2025-04,35.11708333333333
Aizawl,2025-05,22.14475806451613
Aizawl,2025-06,9.044444444444444
Aizawl,2025-07,8.186693548387096
Aizawl,2025-08,6.755913978494624
Aizawl,2025-09,8.72875
Aizawl,2025-10,9.92271505376344
Aizawl,2025-11,12.253525641025641
Bengaluru,2022-08,10.493672839506173
Bengaluru,2022-09,14.892916666666666
Bengaluru,2022-10,23.16182795698925
Bengaluru,2022-11,27.84486111111111
Bengaluru,2022-12,23.99072580645161
Bengaluru,2023-01,30.048387096774192
Bengaluru,2023-02,28.462648809523813
Bengaluru,2023-03,31.02728494623656
Bengaluru,2023-04,28.265416666666663
Bengaluru,2023-05,28.76935483870968
Bengaluru,2023-06,13.757083333333334
Bengaluru,2023-07,5.402016129032258
Bengaluru,2023-08,11.900806451612905
Bengaluru,2023-09,8.03138888888889
Bengaluru,2023-10,30.98145161290323
Bengaluru,2023-11,17.760416666666668
Bengaluru,2023-12,22.136559139784943
Bengaluru,2024-01,27.446370967741935
Bengaluru,2024-02,22.97471264367816
Bengaluru,2024-03,25.375940860215056
Bengaluru,2024-04,20.254583333333333
Bengaluru,2024-05,23.89758064516129
Bengaluru,2024-06,8.835555555555556
Bengaluru,2024-07,4.784139784946237
Bengaluru,2024-08,11.413037634408601
Bengaluru,2024-09,8.942083333333333
Bengaluru,2024-10,26.303763440860216
Bengaluru,2024-11,27.439027777777774
Bengaluru,2024-12,25.857526881720432
Bengaluru,2025-01,33.946370967741935
Bengaluru,2025-02,29.375148809523807
Bengaluru,2025-03,26.71008064516129
Bengaluru,2025-04,34.06444444444445
Bengaluru,2025-05,20.74784946236559
Bengaluru,2025-06,9.106388888888889
Bengaluru,2025-07,5.531048387096774
Bengaluru,2025-08,9.656317204301075
Bengaluru,2025-09,10.748750000000001
Bengaluru,2025-10,16.976881720430107
Bengaluru,2025-11,29.054166666666667
Bhopal,2022-08,16.520679012345678
Bhopal,2022-09,25.282083333333333
Bhopal,2022-10,29.101075268817205
Bhopal,2022-11,48.5125
Bhopal,2022-12,43.899059139784946
Bhopal,2023-01,51.07795698924731
Bhopal,2023-02,30.697023809523813
Bhopal,2023-03,31.177688172043013
Bhopal,2023-04,24.023333333333333
Bhopal,2023-05,20.10295698924731
Bhopal,2023-06,16.314027777777778
Bhopal,2023-07,12.478494623655914
Bhopal,2023-08,16.665591397849465
Bhopal,2023-09,17.58013888888889
Bhopal,2023-10,26.18548387096774
Bhopal,2023-11,42.763194444444444
Bhopal,2023-12,36.10403225806452
Bhopal,2024-01,43.55793010752688
Bhopal,2024-02,34.617097701149426
Bhopal,2024-03,19.123924731182797
Bhopal,2024-04,23.51375
Bhopal,2024-05,22.550403225806452
Bhopal,2024-06,22.403472222222224
Bhopal,2024-07,13.183870967741935
Bhopal,2024-08,13.941532258064516
Bhopal,2024-09,18.261666666666667
Bhopal,2024-10,30.323118279569893
Bhopal,2024-11,52.73875
Bhopal,2024-12,40.54744623655914
Bhopal,2025-01,38.644220430107524
Bhopal,2025-02,22.64389880952381
Bhopal,2025-03,16.01518817204301
Bhopal,2025-04,22.332222222222224
Bhopal,2025-05,27.683064516129033
Bhopal,2025-06,23.03986111111111
Bhopal,2025-07,20.016263440860214
Bhopal,2025-08,21.884408602150536
Bhopal,2025-09,20.128611111111113
Bhopal,2025-10,38.11787634408602
Bhopal,2025-11,52.284134615384616
Bhubaneswar,2022-08,19.312037037037037
Bhubaneswar,2022-09,21.070833333333333
Bhubaneswar,2022-10,41.75282258064516
Bhubaneswar,2022-11,78.62083333333334
Bhubaneswar,2022-12,91.94516129032257
Bhubaneswar,2023-01,73.94771505376345
Bhubaneswar,2023-02,44.22752976190476
Bhubaneswar,2023-03,40.15873655913978
Bhubaneswar,2023-04,40.79361111111111
Bhubaneswar,2023-05,28.9872311827957
Bhubaneswar,2023-06,30.682777777777776
Bhubaneswar,2023-07,15.340456989247311
Bhubaneswar,2023-08,28.84166666666667
Bhubaneswar,2023-09,24.62875
Bhubaneswar,2023-10,45.16814516129032
Bhubaneswar,2023-11,50.92180555555555
Bhubaneswar,2023-12,58.36491935483871
Bhubaneswar,2024-01,66.04758064516129
Bhubaneswar,2024-02,43.815804597701145
Bhubaneswar,2024-03,31.563440860215056
Bhubaneswar,2024-04,35.613055555555555
Bhubaneswar,2024-05,15.589381720430108
Bhubaneswar,2024-06,26.66472222222222
Bhubaneswar,2024-07,15.856989247311828
Bhubaneswar,2024-08,19.12755376344086
Bhubaneswar,2024-09,20.785833333333333
Bhubaneswar,2024-10,27.048521505376343
Bhubaneswar,2024-11,66.68458333333334
Bhubaneswar,2024-12,73.43333333333334
Bhubaneswar,2025-01,87.09126344086022
Bhubaneswar,2025-02,45.954166666666666
Bhubaneswar,2025-03,34.373252688172045
Bhubaneswar,2025-04,23.479166666666668
Bhubaneswar,2025-05,24.478091397849465
Bhubaneswar,2025-06,30.35263888888889
Bhubaneswar,2025-07,20.00161290322581
Bhubaneswar,2025-08,19.342876344086022
Bhubaneswar,2025-09,24.435694444444444
Bhubaneswar,2025-10,34.65510752688172
Bhubaneswar,2025-11,68.81634615384615
Chandigarh,2022-08,35.159104938271604
Chandigarh,2022-09,44.483333333333334
Chandigarh,2022-10,47.09233870967741
Chandigarh,2022-11,53.058194444444446
Chandigarh,2022-12,55.68360215053763
Chandigarh,2023-01,72.57970430107527
Chandigarh,2023-02,43.10208333333333
Chandigarh,2023-03,36.19583333333333
Chandigarh,2023-04,28.582500000000003
Chandigarh,2023-05,30.88978494623656
Chandigarh,2023-06,36.67375
Chandigarh,2023-07,32.47069892473118
Chandigarh,2023-08,43.7383064516129
Chandigarh,2023-09,32.34263888888889
Chandigarh,2023-10,27.19301075268817
Chandigarh,2023-11,32.66861111111111
Chandigarh,2023-12,46.49193548387097
Chandigarh,2024-01,71.28965053763442
Chandigarh,2024-02,34.954597701149424
Chandigarh,2024-03,26.548387096774192
Chandigarh,2024-04,20.39402777777778
Chandigarh,2024-05,26.927419354838708
Chandigarh,2024-06,35.06
Chandigarh,2024-07,44.71532258064516
Chandigarh,2024-08,29.40833333333333
Chandigarh,2024-09,30.92125
Chandigarh,2024-10,32.64206989247312
Chandigarh,2024-11,65.36166666666666
Chandigarh,2024-12,53.47405913978494
Chandigarh,2025-01,72.4021505376344
Chandigarh,2025-02,44.00877976190476
Chandigarh,2025-03,26.223118279569892
Chandigarh,2025-04,27.29291666666667
Chandigarh,2025-05,38.73924731182796
Chandigarh,2025-06,43.61763888888889
Chandigarh,2025-07,43.19892473118279
Chandigarh,2025-08,45.03319892473118
Chandigarh,2025-09,37.3975
Chandigarh,2025-10,36.44986559139785
Chandigarh,2025-11,46.593589743589746
Chennai,2022-08,23.671141975308643
Chennai,2022-09,26.940138888888892
Chennai,2022-10,25.83521505376344
Chennai,2022-11,30.60027777777778
Chennai,2022-12,32.656317204301075
Chennai,2023-01,37.41599462365591
Chennai,2023-02,32.467261904761905
Chennai,2023-03,23.701344086021503
Chennai,2023-04,21.529305555555556
Chennai,2023-05,34.052553763440855
Chennai,2023-06,33.246944444444445
Chennai,2023-07,14.278225806451612
Chennai,2023-08,22.47284946236559
Chennai,2023-09,17.61875
Chennai,2023-10,28.820026881720427
Chennai,2023-11,17.233472222222222
Chennai,2023-12,26.24717741935484
Chennai,2024-01,29.693145161290325
Chennai,2024-02,22.24669540229885
Chennai,2024-03,22.50161290322581
Chennai,2024-04,16.024305555555557
Chennai,2024-05,15.492876344086023
Chennai,2024-06,20.299305555555556
Chennai,2024-07,14.315322580645162
Chennai,2024-08,16.587231182795698
Chennai,2024-09,17.886805555555554
Chennai,2024-10,20.0244623655914
Chennai,2024-11,23.55388888888889
Chennai,2024-12,20.667069892473116
Chennai,2025-01,32.26129032258065
Chennai,2025-02,26.771726190476187
Chennai,2025-03,18.643279569892474
Chennai,2025-04,17.18013888888889
Chennai,2025-05,19.969086021505376
Chennai,2025-06,17.94388888888889
Chennai,2025-07,13.708870967741936
Chennai,2025-08,17.766666666666666
Chennai,2025-09,17.775416666666665
Chennai,2025-10,14.18991935483871
Chennai,2025-11,28.878365384615382
Dehradun,2022-08,22.339814814814815
Dehradun,2022-09,28.438333333333333
Dehradun,2022-10,30.896505376344088
Dehradun,2022-11,35.59486111111111
Dehradun,2022-12,40.031317204301075
Dehradun,2023-01,50.50954301075269
Dehradun,2023-02,35.23482142857143
Dehradun,2023-03,25.06975806451613
Dehradun,2023-04,20.16097222222222
Dehradun,2023-05,22.214516129032255
Dehradun,2023-06,23.946805555555557
Dehradun,2023-07,19.73575268817204
Dehradun,2023-08,30.75161290322581
Dehradun,2023-09,22.210555555555555
Dehradun,2023-10,18.565456989247313
Dehradun,2023-11,19.94125
Dehradun,2023-12,30.81532258064516
Dehradun,2024-01,43.49771505376344
Dehradun,2024-02,24.34956896551724
Dehradun,2024-03,18.000940860215056
Dehradun,2024-04,15.31763888888889
Dehradun,2024-05,24.3369623655914
Dehradun,2024-06,27.135555555555552
Dehradun,2024-07,25.068817204301077
Dehradun,2024-08,18.616666666666667
Dehradun,2024-09,18.49375
Dehradun,2024-10,27.188306451612902
Dehradun,2024-11,49.45055555555556
Dehradun,2024-12,35.67997311827957
Dehradun,2025-01,45.84905913978494
Dehradun,2025-02,31.941369047619045
Dehradun,2025-03,21.89717741935484
Dehradun,2025-04,27.89625
Dehradun,2025-05,35.96209677419355
Dehradun,2025-06,41.840694444444445
Dehradun,2025-07,28.541263440860217
Dehradun,2025-08,27.393010752688173
Dehradun,2025-09,28.5525
Dehradun,2025-10,26.82755376344086
Dehradun,2025-11,34.03189102564103
Delhi,2022-08,43.47623456790123
Delhi,2022-09,62.50208333333333
Delhi,2022-10,95.07540322580645
Delhi,2022-11,106.32597222222222
Delhi,2022-12,100.97674731182795
Delhi,2023-01,116.69381720430107
Delhi,2023-02,81.75922619047618
Delhi,2023-03,68.79932795698925
Delhi,2023-04,48.05555555555556
Delhi,2023-05,55.59368279569892
Delhi,2023-06,47.694583333333334
Delhi,2023-07,38.29758064516129
Delhi,2023-08,51.460618279569886
Delhi,2023-09,43.377361111111114
Delhi,2023-10,51.34475806451613
Delhi,2023-11,94.44486111111111
Delhi,2023-12,97.76760752688173
Delhi,2024-01,123.052688172043
Delhi,2024-02,59.375
Delhi,2024-03,49.105376344086025
Delhi,2024-04,37.753055555555555
Delhi,2024-05,53.05201612903225
Delhi,2024-06,54.16111111111111
Delhi,2024-07,47.96747311827957
Delhi,2024-08,33.59543010752688
Delhi,2024-09,46.47097222222222
Delhi,2024-10,69.10013440860214
Delhi,2024-11,115.48972222222223
Delhi,2024-12,101.0752688172043
Delhi,2025-01,124.46021505376343
Delhi,2025-02,68.83363095238094
Delhi,2025-03,77.24650537634409
Delhi,2025-04,71.29166666666667
Delhi,2025-05,83.25591397849463
Delhi,2025-06,74.74986111111112
Delhi,2025-07,58.23077956989247
Delhi,2025-08,63.13051075268817
Delhi,2025-09,42.02666666666667
Delhi,2025-10,69.67943548387096
Delhi,2025-11,104.70320512820513
Gangtok,2022-08,7.946604938271604
Gangtok,2022-09,8.792222222222222
Gangtok,2022-10,12.526344086021506
Gangtok,2022-11,21.415972222222223
Gangtok,2022-12,27.306317204301077
Gangtok,2023-01,29.008333333333333
Gangtok,2023-02,31.044940476190476
Gangtok,2023-03,24.620833333333334
Gangtok,2023-04,24.96375
Gangtok,2023-05,16.77069892473118
Gangtok,2023-06,11.167916666666667
Gangtok,2023-07,6.257661290322581
Gangtok,2023-08,7.286962365591398
Gangtok,2023-09,9.844583333333334
Gangtok,2023-10,11.281182795698927
Gangtok,2023-11,10.778194444444445
Gangtok,2023-12,14.493279569892474
Gangtok,2024-01,23.11572580645161
Gangtok,2024-02,26.90890804597701
Gangtok,2024-03,23.50551075268817
Gangtok,2024-04,25.316805555555554
Gangtok,2024-05,21.281854838709677
Gangtok,2024-06,11.452083333333333
Gangtok,2024-07,5.606451612903226
Gangtok,2024-08,7.475134408602151
Gangtok,2024-09,8.197916666666666
Gangtok,2024-10,13.388440860215054
Gangtok,2024-11,23.264027777777777
Gangtok,2024-12,34.14045698924731
Gangtok,2025-01,41.15268817204301
Gangtok,2025-02,48.06934523809524
Gangtok,2025-03,44.01465053763441
Gangtok,2025-04,31.994305555555556
Gangtok,2025-05,18.608736559139786
Gangtok,2025-06,16.869166666666665
Gangtok,2025-07,9.108870967741936
Gangtok,2025-08,7.368817204301075
Gangtok,2025-09,9.094166666666666
Gangtok,2025-10,14.72486559139785
Gangtok,2025-11,20.515865384615385
Gurugram,2022-08,39.80833333333333
Gurugram,2022-09,60.40319444444445
Gurugram,2022-10,93.21061827956989
Gurugram,2022-11,110.44847222222221
Gurugram,2022-12,107.42809139784946
Gurugram,2023-01,125.62795698924731
Gurugram,2023-02,85.61116071428572
Gurugram,2023-03,70.69059139784946
Gurugram,2023-04,51.895833333333336
Gurugram,2023-05,54.247446236559135
Gurugram,2023-06,47.010138888888896
Gurugram,2023-07,36.68279569892473
Gurugram,2023-08,51.366263440860216
Gurugram,2023-09,42.64666666666666
Gurugram,2023-10,54.92661290322581
Gurugram,2023-11,104.2751388888889
Gurugram,2023-12,107.75147849462367
Gurugram,2024-01,130.33454301075267
Gurugram,2024-02,65.80186781609196
Gurugram,2024-03,56.957123655913975
Gurugram,2024-04,47.45805555555556
Gurugram,2024-05,63.09099462365591
Gurugram,2024-06,62.11194444444444
Gurugram,2024-07,46.72620967741936
Gurugram,2024-08,32.39032258064516
Gurugram,2024-09,47.003194444444446
Gurugram,2024-10,71.06532258064516
Gurugram,2024-11,119.01875
Gurugram,2024-12,106.53682795698924
Gurugram,2025-01,123.82177419354838
Gurugram,2025-02,72.95252976190476
Gurugram,2025-03,132.49932795698925
Gurugram,2025-04,127.65527777777778
Gurugram,2025-05,139.73857526881721
Gurugram,2025-06,102.07291666666667
Gurugram,2025-07,54.87836021505376
Gurugram,2025-08,68.65672043010753
Gurugram,2025-09,45.235416666666666
Gurugram,2025-10,76.34489247311828
Gurugram,2025-11,109.42323717948719
Guwahati,2022-08,17.07685185185185
Guwahati,2022-09,17.4175
Guwahati,2022-10,25.80255376344086
Guwahati,2022-11,30.272916666666667
Guwahati,2022-12,40.159408602150535
Guwahati,2023-01,54.45443548387097
Guwahati,2023-02,50.27544642857143
Guwahati,2023-03,42.59529569892473
Guwahati,2023-04,41.42236111111111
Guwahati,2023-05,28.979973118279567
Guwahati,2023-06,24.330972222222222
Guwahati,2023-07,13.81505376344086
Guwahati,2023-08,20.431048387096777
Guwahati,2023-09,18.5575
Guwahati,2023-10,19.91518817204301
Guwahati,2023-11,16.767083333333332
Guwahati,2023-12,20.498655913978496
Guwahati,2024-01,32.9744623655914
Guwahati,2024-02,43.31925287356322
Guwahati,2024-03,40.31975806451613
Guwahati,2024-04,42.212916666666665
Guwahati,2024-05,33.08091397849462
Guwahati,2024-06,23.61472222222222
Guwahati,2024-07,13.540456989247312
Guwahati,2024-08,13.509408602150538
Guwahati,2024-09,14.931666666666665
Guwahati,2024-10,28.05994623655914
Guwahati,2024-11,24.022916666666667
Guwahati,2024-12,36.83844086021505
Guwahati,2025-01,58.14704301075269
Guwahati,2025-02,61.31741071428572
Guwahati,2025-03,54.65712365591398
Guwahati,2025-04,40.84166666666667
Guwahati,2025-05,29.429569892473115
Guwahati,2025-06,22.438333333333333
Guwahati,2025-07,14.924731182795698
Guwahati,2025-08,15.312903225806451
Guwahati,2025-09,16.331666666666667
Guwahati,2025-10,20.886290322580646
Guwahati,2025-11,25.60176282051282
Hyderabad,2022-08,11.534413580246914
Hyderabad,2022-09,17.579583333333332
Hyderabad,2022-10,29.751344086021504
Hyderabad,2022-11,51.816388888888895
Hyderabad,2022-12,42.67728494623656
Hyderabad,2023-01,40.33709677419355
Hyderabad,2023-02,38.03556547619048
Hyderabad,2023-03,33.01854838709677
Hyderabad,2023-04,32.99347222222222
Hyderabad,2023-05,28.960349462365592
Hyderabad,2023-06,16.499166666666667
Hyderabad,2023-07,6.86236559139785
Hyderabad,2023-08,15.279301075268815
Hyderabad,2023-09,17.91138888888889
Hyderabad,2023-10,40.15887096774193
Hyderabad,2023-11,33.31375
Hyderabad,2023-12,39.17379032258064
Hyderabad,2024-01,38.23145161290323
Hyderabad,2024-02,23.978017241379312
Hyderabad,2024-03,27.8622311827957
Hyderabad,2024-04,29.285
Hyderabad,2024-05,23.505645161290325
Hyderabad,2024-06,16.191111111111113
Hyderabad,2024-07,7.140994623655914
Hyderabad,2024-08,13.218413978494624
Hyderabad,2024-09,16.27027777777778
Hyderabad,2024-10,28.602688172043013
Hyderabad,2024-11,53.14666666666666
Hyderabad,2024-12,34.61075268817204
Hyderabad,2025-01,43.13938172043011
Hyderabad,2025-02,34.01279761904762
Hyderabad,2025-03,30.068682795698923
Hyderabad,2025-04,31.631111111111114
Hyderabad,2025-05,27.099462365591396
Hyderabad,2025-06,18.076527777777777
Hyderabad,2025-07,11.120430107526882
Hyderabad,2025-08,14.348252688172044
Hyderabad,2025-09,16.01263888888889
Hyderabad,2025-10,23.220026881720432
Hyderabad,2025-11,39.391987179487174
Imphal,2022-08,10.821604938271605
Imphal,2022-09,13.740555555555556
Imphal,2022-10,15.631048387096774
Imphal,2022-11,18.959583333333335
Imphal,2022-12,24.861155913978497
Imphal,2023-01,32.50456989247312
Imphal,2023-02,32.23735119047619
Imphal,2023-03,32.07795698924731
Imphal,2023-04,23.448472222222225
Imphal,2023-05,21.13266129032258
Imphal,2023-06,17.28847222222222
Imphal,2023-07,10.36021505376344
Imphal,2023-08,11.633198924731182
Imphal,2023-09,12.093055555555555
Imphal,2023-10,14.73252688172043
Imphal,2023-11,12.368333333333334
Imphal,2023-12,14.844220430107528
Imphal,2024-01,20.318951612903223
Imphal,2024-02,25.102586206896554
Imphal,2024-03,30.666801075268815
Imphal,2024-04,27.64111111111111
Imphal,2024-05,22.01505376344086
Imphal,2024-06,16.54222222222222
Imphal,2024-07,8.095161290322581
Imphal,2024-08,10.023790322580645
Imphal,2024-09,11.10875
Imphal,2024-10,17.986424731182794
Imphal,2024-11,16.380416666666665
Imphal,2024-12,31.023790322580645
Imphal,2025-01,40.351344086021506
Imphal,2025-02,45.984375
Imphal,2025-03,60.133736559139784
Imphal,2025-04,42.87111111111111
Imphal,2025-05,30.229032258064517
Imphal,2025-06,20.413194444444443
Imphal,2025-07,13.431586021505376
Imphal,2025-08,14.44274193548387
Imphal,2025-09,16.283611111111114
Imphal,2025-10,18.29932795698925
Imphal,2025-11,18.216826923076923
Itanagar,2022-08,10.023765432098765
Itanagar,2022-09,9.188055555555556
Itanagar,2022-10,8.54529569892473
Itanagar,2022-11,9.167361111111111
Itanagar,2022-12,12.21236559139785
Itanagar,2023-01,21.06236559139785
Itanagar,2023-02,23.058333333333334
Itanagar,2023-03,23.24274193548387
Itanagar,2023-04,24.084027777777777
Itanagar,2023-05,17.982795698924733
Itanagar,2023-06,14.217777777777776
Itanagar,2023-07,10.25
Itanagar,2023-08,15.309005376344086
Itanagar,2023-09,13.308472222222223
Itanagar,2023-10,10.82970430107527
Itanagar,2023-11,7.474166666666666
Itanagar,2023-12,7.889516129032258
Itanagar,2024-01,13.14247311827957
Itanagar,2024-02,23.80862068965517
Itanagar,2024-03,28.511693548387097
Itanagar,2024-04,30.179722222222225
Itanagar,2024-05,21.186021505376342
Itanagar,2024-06,18.915555555555557
Itanagar,2024-07,11.17970430107527
Itanagar,2024-08,12.531720430107528
Itanagar,2024-09,11.139444444444443
Itanagar,2024-10,14.633602150537634
Itanagar,2024-11,9.837777777777777
Itanagar,2024-12,15.822043010752688
Itanagar,2025-01,26.818413978494625
Itanagar,2025-02,39.02738095238095
Itanagar,2025-03,44.58118279569893
Itanagar,2025-04,37.28527777777778
Itanagar,2025-05,17.839247311827958
Itanagar,2025-06,19.766944444444444
Itanagar,2025-07,14.909677419354837
Itanagar,2025-08,14.817204301075268
Itanagar,2025-09,13.85763888888889
Itanagar,2025-10,13.829166666666666
Itanagar,2025-11,12.900641025641026
Jaipur,2022-08,24.112962962962964
Jaipur,2022-09,33.13111111111111
Jaipur,2022-10,47.083333333333336
Jaipur,2022-11,59.67861111111111
Jaipur,2022-12,60.48091397849463
Jaipur,2023-01,71.60336021505377
Jaipur,2023-02,42.27068452380953
Jaipur,2023-03,37.75698924731183
Jaipur,2023-04,26.677083333333332
Jaipur,2023-05,24.065456989247313
Jaipur,2023-06,22.384166666666665
Jaipur,2023-07,24.597983870967745
Jaipur,2023-08,24.521236559139783
Jaipur,2023-09,20.802222222222223
Jaipur,2023-10,24.78333333333333
Jaipur,2023-11,61.53180555555556
Jaipur,2023-12,47.679838709677426
Jaipur,2024-01,59.86760752688172
Jaipur,2024-02,37.45387931034483
Jaipur,2024-03,26.98145161290323
Jaipur,2024-04,24.58625
Jaipur,2024-05,26.806182795698923
Jaipur,2024-06,26.695416666666667
Jaipur,2024-07,26.589247311827958
Jaipur,2024-08,16.976881720430107
Jaipur,2024-09,26.162083333333335
Jaipur,2024-10,31.983198924731184
Jaipur,2024-11,53.220555555555556
Jaipur,2024-12,56.14529569892473
Jaipur,2025-01,52.60013440860215
Jaipur,2025-02,35.60848214285714
Jaipur,2025-03,32.14341397849462
Jaipur,2025-04,36.96416666666667
Jaipur,2025-05,44.12916666666666
Jaipur,2025-06,35.88041666666667
Jaipur,2025-07,28.319354838709675
Jaipur,2025-08,26.85940860215054
Jaipur,2025-09,18.39236111111111
Jaipur,2025-10,34.707123655913975
Jaipur,2025-11,49.649839743589745
Kohima,2022-08,8.015277777777778
Kohima,2022-09,8.545555555555556
Kohima,2022-10,10.102150537634408
Kohima,2022-11,11.170833333333333
Kohima,2022-12,16.03010752688172
Kohima,2023-01,24.54422043010753
Kohima,2023-02,29.735119047619047
Kohima,2023-03,32.0369623655914
Kohima,2023-04,25.30888888888889
Kohima,2023-05,17.46518817204301
Kohima,2023-06,12.734722222222222
Kohima,2023-07,7.95994623655914
Kohima,2023-08,9.947715053763442
Kohima,2023-09,9.878472222222221
Kohima,2023-10,10.70013440860215
Kohima,2023-11,8.840416666666668
Kohima,2023-12,10.936962365591398
Kohima,2024-01,17.724193548387095
Kohima,2024-02,24.885775862068964
Kohima,2024-03,28.338575268817205
Kohima,2024-04,28.922916666666666
Kohima,2024-05,20.73212365591398
Kohima,2024-06,13.344583333333334
Kohima,2024-07,6.658064516129032
Kohima,2024-08,7.414650537634409
Kohima,2024-09,8.829027777777778
Kohima,2024-10,14.638440860215054
Kohima,2024-11,11.331666666666667
Kohima,2024-12,21.761290322580646
Kohima,2025-01,32.35793010752688
Kohima,2025-02,41.40491071428571
Kohima,2025-03,50.687231182795706
Kohima,2025-04,36.86680555555555
Kohima,2025-05,22.468010752688173
Kohima,2025-06,12.877361111111112
Kohima,2025-07,9.076209677419355
Kohima,2025-08,9.403494623655913
Kohima,2025-09,10.135972222222222
Kohima,2025-10,12.232258064516127
Kohima,2025-11,12.148397435897436
Kolkata,2022-08,22.16574074074074
Kolkata,2022-09,30.525694444444444
Kolkata,2022-10,67.5997311827957
Kolkata,2022-11,124.26291666666667
Kolkata,2022-12,128.42271505376345
Kolkata,2023-01,136.3603494623656
Kolkata,2023-02,78.703125
Kolkata,2023-03,66.89233870967742
Kolkata,2023-04,55.70305555555555
Kolkata,2023-05,37.02849462365592
Kolkata,2023-06,28.775972222222222
Kolkata,2023-07,12.32513440860215
Kolkata,2023-08,38.241263440860216
Kolkata,2023-09,22.608055555555556
Kolkata,2023-10,57.51989247311828
Kolkata,2023-11,77.41791666666667
Kolkata,2023-12,68.89193548387097
Kolkata,2024-01,94.31666666666668
Kolkata,2024-02,71.20474137931035
Kolkata,2024-03,50.29408602150538
Kolkata,2024-04,43.24513888888889
Kolkata,2024-05,18.91545698924731
Kolkata,2024-06,26.249861111111112
Kolkata,2024-07,15.571236559139784
Kolkata,2024-08,21.345564516129034
Kolkata,2024-09,23.81472222222222
Kolkata,2024-10,45.03763440860215
Kolkata,2024-11,108.72041666666667
Kolkata,2024-12,113.48037634408601
Kolkata,2025-01,137.03145161290323
Kolkata,2025-02,83.67425595238095
Kolkata,2025-03,53.04731182795699
Kolkata,2025-04,32.873333333333335
Kolkata,2025-05,31.031182795698925
Kolkata,2025-06,42.7375
Kolkata,2025-07,24.334811827956987
Kolkata,2025-08,19.078225806451613
Kolkata,2025-09,23.470555555555556
Kolkata,2025-10,55.1505376344086
Kolkata,2025-11,97.84214743589743
Lucknow,2022-08,31.651234567901234
Lucknow,2022-09,40.75930555555556
Lucknow,2022-10,77.92002688172043
Lucknow,2022-11,98.87972222222221
Lucknow,2022-12,96.96505376344086
Lucknow,2023-01,108.4475806451613
Lucknow,2023-02,73.5611607142857
Lucknow,2023-03,53.648118279569886
Lucknow,2023-04,37.19208333333333
Lucknow,2023-05,46.300268817204305
Lucknow,2023-06,31.22388888888889
Lucknow,2023-07,26.10739247311828
Lucknow,2023-08,34.39959677419355
Lucknow,2023-09,33.05916666666666
Lucknow,2023-10,49.725403225806446
Lucknow,2023-11,84.76305555555555
Lucknow,2023-12,78.09193548387097
Lucknow,2024-01,101.28561827956989
Lucknow,2024-02,54.00330459770115
Lucknow,2024-03,41.80887096774193
Lucknow,2024-04,30.354444444444447
Lucknow,2024-05,43.85618279569893
Lucknow,2024-06,44.70083333333333
Lucknow,2024-07,30.683736559139785
Lucknow,2024-08,26.774327956989247
Lucknow,2024-09,29.93611111111111
Lucknow,2024-10,47.61653225806451
Lucknow,2024-11,104.77111111111111
Lucknow,2024-12,93.32043010752687
Lucknow,2025-01,111.15188172043011
Lucknow,2025-02,54.96086309523809
Lucknow,2025-03,50.76868279569893
Lucknow,2025-04,41.355694444444445
Lucknow,2025-05,45.66317204301075
Lucknow,2025-06,49.81944444444444
Lucknow,2025-07,33.31747311827957
Lucknow,2025-08,32.84650537634408
Lucknow,2025-09,37.53958333333333
Lucknow,2025-10,55.21357526881721
Lucknow,2025-11,88.40801282051282
Mumbai,2022-08,21.53009259259259
Mumbai,2022-09,27.278055555555557
Mumbai,2022-10,51.428629032258065
Mumbai,2022-11,106.17666666666666
Mumbai,2022-12,93.49543010752689
Mumbai,2023-01,89.45739247311829
Mumbai,2023-02,83.20744047619048
Mumbai,2023-03,82.98870967741935
Mumbai,2023-04,41.87722222222222
Mumbai,2023-05,23.8872311827957
Mumbai,2023-06,19.71847222222222
Mumbai,2023-07,19.90295698924731
Mumbai,2023-08,17.5869623655914
Mumbai,2023-09,19.393055555555556
Mumbai,2023-10,50.0994623655914
Mumbai,2023-11,56.79680555555555
Mumbai,2023-12,53.46733870967741
Mumbai,2024-01,51.781451612903226
Mumbai,2024-02,47.01968390804598
Mumbai,2024-03,31.84516129032258
Mumbai,2024-04,27.570694444444445
Mumbai,2024-05,22.71021505376344
Mumbai,2024-06,19.446944444444444
Mumbai,2024-07,21.98575268817204
Mumbai,2024-08,17.973521505376343
Mumbai,2024-09,17.59402777777778
Mumbai,2024-10,40.428897849462366
Mumbai,2024-11,62.42388888888888
Mumbai,2024-12,62.01155913978494
Mumbai,2025-01,62.670295698924726
Mumbai,2025-02,46.3889880952381
Mumbai,2025-03,39.71626344086022
Mumbai,2025-04,34.04458333333333
Mumbai,2025-05,26.853897849462363
Mumbai,2025-06,21.876805555555556
Mumbai,2025-07,19.765725806451613
Mumbai,2025-08,19.171505376344086
Mumbai,2025-09,19.2975
Mumbai,2025-10,35.47163978494624
Mumbai,2025-11,52.17788461538461
Panaji,2022-08,10.038734567901235
Panaji,2022-09,9.704444444444444
Panaji,2022-10,19.433198924731183
Panaji,2022-11,38.248472222222226
Panaji,2022-12,28.5497311827957
Panaji,2023-01,36.792338709677416
Panaji,2023-02,34.54032738095238
Panaji,2023-03,26.371639784946236
Panaji,2023-04,22.856666666666666
Panaji,2023-05,13.445833333333335
Panaji,2023-06,10.211388888888889
Panaji,2023-07,10.739516129032257
Panaji,2023-08,10.540322580645162
Panaji,2023-09,9.127222222222223
Panaji,2023-10,37.06008064516129
Panaji,2023-11,31.074027777777776
Panaji,2023-12,28.421102150537635
Panaji,2024-01,29.217473118279568
Panaji,2024-02,27.60560344827586
Panaji,2024-03,26.07956989247312
Panaji,2024-04,24.361666666666668
Panaji,2024-05,18.900000000000002
Panaji,2024-06,9.990694444444445
Panaji,2024-07,10.842876344086022
Panaji,2024-08,9.904301075268817
Panaji,2024-09,10.046388888888888
Panaji,2024-10,20.651344086021506
Panaji,2024-11,40.27430555555556
Panaji,2024-12,34.495564516129036
Panaji,2025-01,36.12029569892473
Panaji,2025-02,40.08080357142857
Panaji,2025-03,31.856854838709676
Panaji,2025-04,28.940833333333334
Panaji,2025-05,15.301344086021507
Panaji,2025-06,13.396805555555556
Panaji,2025-07,12.171236559139784
Panaji,2025-08,11.679166666666665
Panaji,2025-09,10.105138888888888
Panaji,2025-10,19.310080645161293
Panaji,2025-11,26.67083333333333
Patna,2022-08,33.16898148148148
Patna,2022-09,42.0
Patna,2022-10,76.74005376344086
Patna,2022-11,110.72930555555557
Patna,2022-12,125.55698924731182
Patna,2023-01,134.5869623655914
Patna,2023-02,89.48839285714286
Patna,2023-03,62.645833333333336
Patna,2023-04,38.40819444444445
Patna,2023-05,51.74663978494624
Patna,2023-06,40.26069444444445
Patna,2023-07,25.63521505376344
Patna,2023-08,32.54005376344086
Patna,2023-09,31.188333333333333
Patna,2023-10,47.30510752688172
Patna,2023-11,77.38625
Patna,2023-12,69.30725806451613
Patna,2024-01,99.01935483870967
Patna,2024-02,59.11724137931034
Patna,2024-03,48.83118279569893
Patna,2024-04,29.37666666666667
Patna,2024-05,44.804838709677426
Patna,2024-06,47.87861111111111
Patna,2024-07,27.04314516129032
Patna,2024-08,29.8247311827957
Patna,2024-09,27.8225
Patna,2024-10,52.229435483870965
Patna,2024-11,114.17416666666666
Patna,2024-12,108.57620967741936
Patna,2025-01,109.74368279569893
Patna,2025-02,72.65550595238095
Patna,2025-03,51.29381720430107
Patna,2025-04,45.62097222222222
Patna,2025-05,41.582392473118276
Patna,2025-06,40.85388888888889
Patna,2025-07,33.906317204301075
Patna,2025-08,32.7635752688172
Patna,2025-09,38.583194444444445
Patna,2025-10,58.6255376344086
Patna,2025-11,96.28141025641025
Raipur,2022-08,25.439814814814813
Raipur,2022-09,38.33152777777778
Raipur,2022-10,57.329704301075274
Raipur,2022-11,105.03722222222223
Raipur,2022-12,94.18387096774194
Raipur,2023-01,91.55201612903225
Raipur,2023-02,66.22604166666667
Raipur,2023-03,66.85967741935484
Raipur,2023-04,48.90569444444444
Raipur,2023-05,45.10215053763441
Raipur,2023-06,32.48861111111111
Raipur,2023-07,20.6494623655914
Raipur,2023-08,28.09018817204301
Raipur,2023-09,31.290555555555557
Raipur,2023-10,53.41962365591397
Raipur,2023-11,64.95013888888889
Raipur,2023-12,65.52177419354838
Raipur,2024-01,65.11424731182795
Raipur,2024-02,52.8853448275862
Raipur,2024-03,48.09892473118279
Raipur,2024-04,45.51722222222222
Raipur,2024-05,38.33521505376344
Raipur,2024-06,40.72944444444445
Raipur,2024-07,22.191129032258065
Raipur,2024-08,26.357526881720432
Raipur,2024-09,30.990833333333335
Raipur,2024-10,48.48010752688172
Raipur,2024-11,84.67972222222222
Raipur,2024-12,63.82701612903226
Raipur,2025-01,74.50833333333333
Raipur,2025-02,53.16056547619048
Raipur,2025-03,51.41451612903226
Raipur,2025-04,47.032361111111115
Raipur,2025-05,43.263440860215056
Raipur,2025-06,33.90986111111111
Raipur,2025-07,26.74099462365591
Raipur,2025-08,31.658602150537636
Raipur,2025-09,35.9825
Raipur,2025-10,46.583064516129035
Raipur,2025-11,74.00737179487179
Ranchi,2022-08,18.222685185185185
Ranchi,2022-09,25.549444444444443
Ranchi,2022-10,35.644623655913975
Ranchi,2022-11,63.01680555555556
Ranchi,2022-12,64.21989247311828
Ranchi,2023-01,77.52970430107527
Ranchi,2023-02,30.71919642857143
Ranchi,2023-03,37.70725806451613
Ranchi,2023-04,26.849861111111114
Ranchi,2023-05,32.19959677419355
Ranchi,2023-06,26.42222222222222
Ranchi,2023-07,13.719623655913978
Ranchi,2023-08,21.302553763440862
Ranchi,2023-09,17.814722222222223
Ranchi,2023-10,26.347580645161287
Ranchi,2023-11,47.153055555555554
Ranchi,2023-12,40.83548387096774
Ranchi,2024-01,52.792741935483875
Ranchi,2024-02,41.600287356321836
Ranchi,2024-03,31.447849462365593
Ranchi,2024-04,25.181944444444444
Ranchi,2024-05,30.874193548387098
Ranchi,2024-06,34.174305555555556
Ranchi,2024-07,16.142338709677418
Ranchi,2024-08,15.58763440860215
Ranchi,2024-09,16.642222222222223
Ranchi,2024-10,39.90564516129032
Ranchi,2024-11,63.95763888888889
Ranchi,2024-12,64.63239247311827
Ranchi,2025-01,59.79395161290322
Ranchi,2025-02,33.0125
Ranchi,2025-03,28.89556451612903
Ranchi,2025-04,34.36375
Ranchi,2025-05,34.740860215053765
Ranchi,2025-06,32.624583333333334
Ranchi,2025-07,23.613440860215057
Ranchi,2025-08,21.339381720430108
Ranchi,2025-09,21.533472222222223
Ranchi,2025-10,41.21397849462366
Ranchi,2025-11,58.289743589743594
Shillong,2022-08,9.874228395061728
Shillong,2022-09,9.7325
Shillong,2022-10,13.076344086021505
Shillong,2022-11,14.729166666666666
Shillong,2022-12,25.912096774193547
Shillong,2023-01,34.3116935483871
Shillong,2023-02,35.50907738095238
Shillong,2023-03,32.92970430107527
Shillong,2023-04,30.21361111111111
Shillong,2023-05,22.000672043010752
Shillong,2023-06,14.972083333333332
Shillong,2023-07,8.453225806451613
Shillong,2023-08,11.568145161290323
Shillong,2023-09,11.873055555555556
Shillong,2023-10,13.806989247311828
Shillong,2023-11,9.439166666666667
Shillong,2023-12,11.291397849462365
Shillong,2024-01,24.800940860215057
Shillong,2024-02,32.96968390804598
Shillong,2024-03,33.66478494623656
Shillong,2024-04,33.46763888888889
Shillong,2024-05,24.237365591397847
Shillong,2024-06,14.63263888888889
Shillong,2024-07,7.032661290322581
Shillong,2024-08,6.870564516129032
Shillong,2024-09,9.373888888888889
Shillong,2024-10,18.648655913978494
Shillong,2024-11,13.285416666666666
Shillong,2024-12,22.42244623655914
Shillong,2025-01,36.53239247311828
Shillong,2025-02,46.53110119047619
Shillong,2025-03,43.49596774193548
Shillong,2025-04,32.735416666666666
Shillong,2025-05,21.795026881720432
Shillong,2025-06,12.656666666666666
Shillong,2025-07,7.853360215053763
Shillong,2025-08,7.355241935483871
Shillong,2025-09,9.394583333333333
Shillong,2025-10,12.491935483870968
Shillong,2025-11,12.299038461538462
Shimla,2022-08,12.191666666666666
Shimla,2022-09,19.213472222222222
Shimla,2022-10,19.598118279569892
Shimla,2022-11,23.35027777777778
Shimla,2022-12,23.67284946236559
Shimla,2023-01,35.08427419354839
Shimla,2023-02,22.56860119047619
Shimla,2023-03,19.0627688172043
Shimla,2023-04,15.463472222222224
Shimla,2023-05,14.59758064516129
Shimla,2023-06,17.887083333333333
Shimla,2023-07,15.713575268817204
Shimla,2023-08,21.52016129032258
Shimla,2023-09,16.875555555555554
Shimla,2023-10,12.895564516129031
Shimla,2023-11,13.406944444444445
Shimla,2023-12,18.473521505376343
Shimla,2024-01,28.67190860215054
Shimla,2024-02,19.141666666666666
Shimla,2024-03,13.578494623655914
Shimla,2024-04,12.851666666666668
Shimla,2024-05,16.874059139784944
Shimla,2024-06,22.997083333333336
Shimla,2024-07,25.37728494623656
Shimla,2024-08,13.709543010752688
Shimla,2024-09,14.428194444444443
Shimla,2024-10,17.64569892473118
Shimla,2024-11,39.374583333333334
Shimla,2024-12,25.55994623655914
Shimla,2025-01,29.662096774193547
Shimla,2025-02,23.31904761904762
Shimla,2025-03,17.386155913978495
Shimla,2025-04,21.738472222222224
Shimla,2025-05,26.861290322580643
Shimla,2025-06,33.29013888888889
Shimla,2025-07,23.673387096774192
Shimla,2025-08,20.032258064516128
Shimla,2025-09,24.225
Shimla,2025-10,23.59731182795699
Shimla,2025-11,28.847115384615382
Thiruvananthapuram,2022-08,14.287191358024693
Thiruvananthapuram,2022-09,13.844583333333334
Thiruvananthapuram,2022-10,15.163440860215054
Thiruvananthapuram,2022-11,25.25222222222222
Thiruvananthapuram,2022-12,28.92217741935484
Thiruvananthapuram,2023-01,33.00672043010753
Thiruvananthapuram,2023-02,31.61532738095238
Thiruvananthapuram,2023-03,28.146236559139783
Thiruvananthapuram,2023-04,21.299305555555556
Thiruvananthapuram,2023-05,14.471774193548388
Thiruvananthapuram,2023-06,13.208888888888888
Thiruvananthapuram,2023-07,11.900940860215053
Thiruvananthapuram,2023-08,12.80725806451613
Thiruvananthapuram,2023-09,8.741111111111111
Thiruvananthapuram,2023-10,11.909543010752689
Thiruvananthapuram,2023-11,14.214305555555555
Thiruvananthapuram,2023-12,16.622580645161293
Thiruvananthapuram,2024-01,23.198790322580646
Thiruvananthapuram,2024-02,21.740229885057474
Thiruvananthapuram,2024-03,20.961693548387096
Thiruvananthapuram,2024-04,17.73736111111111
Thiruvananthapuram,2024-05,14.71491935483871
Thiruvananthapuram,2024-06,12.920277777777779
Thiruvananthapuram,2024-07,12.007930107526882
Thiruvananthapuram,2024-08,11.118951612903226
Thiruvananthapuram,2024-09,11.880555555555556
Thiruvananthapuram,2024-10,10.419623655913979
Thiruvananthapuram,2024-11,22.116527777777776
Thiruvananthapuram,2024-12,20.506048387096776
Thiruvananthapuram,2025-01,29.004704301075268
Thiruvananthapuram,2025-02,24.929017857142856
Thiruvananthapuram,2025-03,17.243817204301074
Thiruvananthapuram,2025-04,15.018472222222222
Thiruvananthapuram,2025-05,11.781048387096774
Thiruvananthapuram,2025-06,10.131388888888889
Thiruvananthapuram,2025-07,9.893279569892474
Thiruvananthapuram,2025-08,10.473924731182796
Thiruvananthapuram,2025-09,10.09875
Thiruvananthapuram,2025-10,10.66760752688172
Thiruvananthapuram,2025-11,13.355608974358974
Visakhapatnam,2022-08,27.734104938271606
Visakhapatnam,2022-09,30.816805555555554
Visakhapatnam,2022-10,41.82486559139785
Visakhapatnam,2022-11,67.65277777777777
Visakhapatnam,2022-12,63.90712365591398
Visakhapatnam,2023-01,74.33951612903226
Visakhapatnam,2023-02,63.99270833333333
Visakhapatnam,2023-03,53.09180107526882
Visakhapatnam,2023-04,37.092083333333335
Visakhapatnam,2023-05,37.32056451612903
Visakhapatnam,2023-06,36.734722222222224
Visakhapatnam,2023-07,20.79395161290323
Visakhapatnam,2023-08,30.763306451612905
Visakhapatnam,2023-09,30.504166666666666
Visakhapatnam,2023-10,51.682123655913976
Visakhapatnam,2023-11,39.331944444444446
Visakhapatnam,2023-12,47.9366935483871
Visakhapatnam,2024-01,56.0633064516129
Visakhapatnam,2024-02,35.92816091954023
Visakhapatnam,2024-03,30.348924731182795
Visakhapatnam,2024-04,27.681666666666665
Visakhapatnam,2024-05,21.071908602150536
Visakhapatnam,2024-06,25.8225
Visakhapatnam,2024-07,16.883333333333333
Visakhapatnam,2024-08,19.331854838709678
Visakhapatnam,2024-09,27.16027777777778
Visakhapatnam,2024-10,31.838709677419356
Visakhapatnam,2024-11,44.994166666666665
Visakhapatnam,2024-12,39.50819892473118
Visakhapatnam,2025-01,65.0614247311828
Visakhapatnam,2025-02,44.577529761904756
Visakhapatnam,2025-03,31.324193548387097
Visakhapatnam,2025-04,25.636805555555554
Visakhapatnam,2025-05,30.660080645161287
Visakhapatnam,2025-06,28.37902777777778
Visakhapatnam,2025-07,21.808870967741935
Visakhapatnam,2025-08,24.64905913978495
Visakhapatnam,2025-09,31.268333333333334
Visakhapatnam,2025-10,28.143145161290324
Visakhapatnam,2025-11,48.687179487179485
